meta	format	version	1
meta	setting	search_path	pg_catalog
~digest	app.*	count=1028	4171b657ab421a414913f535308a00f3
~digest	app.column	count=395	dfffddc80354e41cd2589de3d6d2cd23
~digest	app.constraint	count=223	f2cb1d5ea0b791710d919987ca37ad48
~digest	app.default_acl	count=3	5e422359c14b17dae39b43f5b1435e74
~digest	app.event_trigger	count=0	d41d8cd98f00b204e9800998ecf8427e
~digest	app.extension	count=2	c656aae9a7860865dee277c28e5718ee
~digest	app.function	count=123	b426d55a3a67ddb5bca34066cba21348
~digest	app.function_execute	count=123	86846b4ec7f424739da42a1dbb8306cb
~digest	app.index	count=47	28870bf681d78ab0538358e112d523a9
~digest	app.policy	count=0	d41d8cd98f00b204e9800998ecf8427e
~digest	app.schema_acl	count=1	e6e07ada020138f766cb6c8e135de0f8
~digest	app.sequence	count=4	c50b3f389a89e3e1488668ced1e4a924
~digest	app.table	count=49	c6cfc2befb8fbe43e0d0ffd2416fd0cd
~digest	app.table_privilege	count=53	b53b05424bf3371dce3e68fb60e6d3b2
~digest	app.trigger	count=5	38510d3012cd098b5f6b7dfe416c6cf8
~digest	app.type	count=0	d41d8cd98f00b204e9800998ecf8427e
~digest	info.*	count=125	3a815f9b05391bed4cbb449344978c36
~digest	info.comment	count=1	c034be79e027ba71ba46892085c73cd1
~digest	info.function_source_exact	count=124	373a585a4ed10f82b519f214ca524433
~digest	platform.*	count=19	b50998ca286430fdfed4d7c618cd2045
~digest	platform.default_acl	count=3	e44d114c38dcb460b701e0b66812b314
~digest	platform.event_trigger	count=7	e6846d63e0eab50df4958e0354597e90
~digest	platform.extension	count=5	be2f2075175429d026388235835957bb
~digest	platform.function	count=1	66c6ed976a7ed89af80ba3554a1ffde0
~digest	platform.function_execute	count=1	ce649cd52fc314cf6672f6099330dda2
~digest	platform.other_grantee	count=1	f5d4894c5c8a28fbc77c1934401f10dc
~digest	platform.server	count=1	c329277937ae0ecf83b677ac01908890
